names,locations,prices,ratings,images
D Bali Residence,"Denpasar Barat, Denpasar",IDR 194.400,2.5,https://s-light.tiket.photos/t/01E25EBZS3W0FY9GTG6C42E1SE/t_htl-dskt/tix-hotel/images-web/2020/10/31/562786d8-dfaa-4878-9350-aaf70253fa7f-1604132042031-d4f67fe740d0e0cc38b2708d02d20340.jpg
Hotel Intansari,"Denpasar Barat, Denpasar",,4.3,https://s-light.tiket.photos/t/01E25EBZS3W0FY9GTG6C42E1SE/t_htl-dskt/tix-hotel/images-web/2020/10/27/4177019a-5bac-4416-904d-9179102cd723-1603731979591-362d6c53335e3f3af68f6144ef73f51c.jpg
Merak Lifestyle Hotel,"Denpasar Barat, Denpasar",,,https://s-light.tiket.photos/t/01E25EBZS3W0FY9GTG6C42E1SE/t_htl-dskt/tix-hotel/images-web/2020/11/19/bbda81df-fd09-4f71-9408-b528620b2324-1605738265236-8d64fe3852eacb3456eef1fa86861bb3.jpg
Hotel Nikki Denpasar,"Denpasar Utara, Denpasar",,3.1,https://s-light.tiket.photos/t/01E25EBZS3W0FY9GTG6C42E1SE/t_htl-dskt/tix-hotel/images-web/2020/10/28/fd920a7d-935c-496d-8219-439e4f3ec5ee-1603880899934-b6a1b316a97baff4a8fc811d3e7b792e.jpg
Bali True Living Apartment,"Denpasar Barat, Denpasar",IDR 197.999,4.2,https://s-light.tiket.photos/t/01E25EBZS3W0FY9GTG6C42E1SE/t_htl-dskt/tix-hotel/images-web/2021/01/31/3d73eded-1125-49af-87c8-cea991061979-1612046442921-371153f0c7998b1f188917c6d9d47568.jpg
Mahatma Residence,"Denpasar Selatan, Denpasar",IDR 237.200,3.4,https://s-light.tiket.photos/t/01E25EBZS3W0FY9GTG6C42E1SE/t_htl-dskt/tix-hotel/images-web/2020/11/16/54fb5dd1-411d-4a9f-b9f7-6619a5584162-1605466647375-72750764b2c1b74192faccbb7976a145.jpg
Hotel Grand Santhi,"Denpasar Barat, Denpasar",IDR 277.200,3.6,https://s-light.tiket.photos/t/01E25EBZS3W0FY9GTG6C42E1SE/t_htl-dskt/tix-hotel/images-web/2020/11/01/dc2331e3-c47b-4468-a6ae-74ec9cbc37a8-1604179758289-4432371decd7cd8d18971710a82ec03a.jpg
Puri Saron Hotel Denpasar,"Denpasar Barat, Denpasar",IDR 99.225,3.7,https://s-light.tiket.photos/t/01E25EBZS3W0FY9GTG6C42E1SE/t_htl-dskt/tix-hotel/images-web/2020/10/28/de04c9a0-9056-423c-9b6f-77825ca30d7d-1603879631597-3b1df76cda01ba668a6740ba74d0cbf5.jpg
Catur Adi Putra Hotel,"Denpasar Barat, Denpasar",IDR 413.039,3.4,https://s-light.tiket.photos/t/01E25EBZS3W0FY9GTG6C42E1SE/t_htl-dskt/tix-hotel/images-web/2021/03/12/fec60d29-ed4d-4020-8b42-bea113519e10-1615551419013-56c82572a80d257d6356b45ade9b78fd.jpg
Adikara Renon,"Denpasar Selatan, Denpasar",IDR 170.986,3.9,https://s-light.tiket.photos/t/01E25EBZS3W0FY9GTG6C42E1SE/t_htl-dskt/tix-hotel/images-web/2021/01/28/ef14e853-ad70-489c-8653-4931a8e58dc7-1611829509367-5b32cafae217aa9804997cee59d511a8.jpg
HARRIS Hotel & Residences Sunset Road,"Pemogan, Denpasar",IDR 237.204,4.1,https://s-light.tiket.photos/t/01E25EBZS3W0FY9GTG6C42E1SE/t_htl-dskt/tix-hotel/images-web/2020/10/28/75ad06f0-a2ee-4518-b401-7d203e2c1c2e-1603874223552-55dc58177bd6a9e609566c6a82d801bc.jpg
Hotel Nuansa Indah,"Denpasar Utara, Denpasar",,,https://s-light.tiket.photos/t/01E25EBZS3W0FY9GTG6C42E1SE/t_htl-dskt/tix-hotel/images-web/2021/03/18/1d445713-4c04-4652-b055-0042e3643ee8-1616067922025-305e958d3bb9a90dea36e08229e6bf09.jpg
Ibis Styles Bali Denpasar,"Denpasar Barat, Denpasar",IDR 288.328,3.9,https://s-light.tiket.photos/t/01E25EBZS3W0FY9GTG6C42E1SE/t_htl-dskt/tix-hotel/images-web/2021/09/24/f52e8360-e669-4b51-8966-f1bcc19f6923-1632471666439-4d6bc8f8f25e974a0469358ca10841e4.jpg
Choice Stay Hotel Denpasar,"Denpasar Barat, Denpasar",IDR 268.226,4.5,https://s-light.tiket.photos/t/01E25EBZS3W0FY9GTG6C42E1SE/t_htl-dskt/tix-hotel/images-web/2020/10/31/70c535fb-cd21-4896-88ea-7bcbed14c4d1-1604138739829-a6be45f0909152ee5cdc7d517ce6fba5.jpg
Inna Grand Bali Beach,"Denpasar Selatan, Denpasar",IDR 345.248,4.0,https://s-light.tiket.photos/t/01E25EBZS3W0FY9GTG6C42E1SE/t_htl-dskt/tix-hotel/images-web/2020/11/01/16acfa1b-6e34-4a5b-a1b9-1a6286d295fa-1604164761294-83ce61a395df31b7ce9443759889d870.jpg
Neo Denpasar Hotel by ASTON,"Denpasar Barat, Denpasar",IDR 152.595,4.1,https://s-light.tiket.photos/t/01E25EBZS3W0FY9GTG6C42E1SE/t_htl-dskt/tix-hotel/images-web/2021/04/09/24130015-bc80-4e1b-83fd-8e7e4ff88d15-1617933312448-6d3ba7ebf5c3e29d0f6fa2b9efc81a5e.jpg
Praja Hotel Denpasar,"Denpasar Selatan, Denpasar",IDR 227.635,4.0,https://s-light.tiket.photos/t/01E25EBZS3W0FY9GTG6C42E1SE/t_htl-dskt/tix-hotel/images-web/2020/10/28/6a1a03d9-03ac-4fa4-b1ae-0cbd519a0f8a-1603891161268-4bf8a35b99cec25131b5e1c98a1588b2.jpg
Koi Hotel and Residence,"Denpasar Barat, Denpasar",IDR 231.547,4.7,https://s-light.tiket.photos/t/01E25EBZS3W0FY9GTG6C42E1SE/t_htl-dskt/tix-hotel/images-web/2020/10/15/b96aa068-cbba-4e67-93d8-ec3bd53b8b59-1602756847885-915d2501438d81a3f3134ec14780abe5.jpg
The Yani Hotel,"Denpasar Selatan, Denpasar",IDR 179.869,3.4,https://s-light.tiket.photos/t/01E25EBZS3W0FY9GTG6C42E1SE/t_htl-dskt/tix-hotel/images-web/2020/10/28/368e659a-191b-48ff-bfa4-971c61132789-1603874901332-18ba3b2edf549c457b77985ce0d913de.jpg
Dee Mansion Bali,"Denpasar Barat, Denpasar",IDR 121.725,3.7,https://s-light.tiket.photos/t/01E25EBZS3W0FY9GTG6C42E1SE/t_htl-dskt/tix-hotel/images-web/2020/10/29/833b0db7-ba5e-4925-ad2a-66016cdb2af7-1603910255991-efd89acfce896931238a139d4aaf6633.jpg
Uma de Villa Sanur,"Denpasar Selatan, Denpasar",IDR 245.000,,https://s-light.tiket.photos/t/01E25EBZS3W0FY9GTG6C42E1SE/t_htl-dskt/tix-hotel/images-web/2020/10/13/1990b58a-31d6-407b-bc1b-e39504e4a59a-1602541522850-16227b43aeb4fc5eb5e9c2eba61ca009.jpg
Renon Garden Suites Villas,"Denpasar Selatan, Denpasar",IDR 500.000,4.8,https://s-light.tiket.photos/t/01E25EBZS3W0FY9GTG6C42E1SE/t_htl-dskt/tix-hotel/images-web/2020/09/29/9fccd12c-c5e6-4c58-9e69-13bbf7c51488-1601323585546-54de65b0ee47f92c1f4ee2b098435f84.jpg
Mars City Hotel,"Denpasar Selatan, Denpasar",IDR 156.374,3.1,https://s-light.tiket.photos/t/01E25EBZS3W0FY9GTG6C42E1SE/t_htl-dskt/tix-hotel/images-web/2020/10/28/d95d0e9b-d796-46a7-93d8-f646223de762-1603886731217-38e7349d197a8f9bda9eaaf48ee58a12.jpg
Swiss-Belresort Watu Jimbar,"Denpasar Selatan, Denpasar",IDR 497.000,4.3,https://s-light.tiket.photos/t/01E25EBZS3W0FY9GTG6C42E1SE/t_htl-dskt/tix-hotel/images-web/2021/08/20/b5c4b84f-34aa-464d-9103-7bb9422e7cdf-1629423318505-189d5e2758d539f12d48592b1f345855.jpg
Cozy Stay Bali,"Denpasar Barat, Denpasar",IDR 120.960,4.2,https://s-light.tiket.photos/t/01E25EBZS3W0FY9GTG6C42E1SE/t_htl-dskt/tix-hotel/images-web/2021/08/04/e9f52d02-290f-4744-976b-fe877bd3c834-1628057723423-b68565a5f389b1ca8a8177243db7476b.jpg
HARRIS Hotel and Conventions Denpasar,"Denpasar Utara, Denpasar",IDR 238.500,3.9,https://s-light.tiket.photos/t/01E25EBZS3W0FY9GTG6C42E1SE/t_htl-dskt/tix-hotel/images-web/2020/10/28/d27b5ae6-b34e-407e-ad68-ce93e4f3b7bb-1603891610176-105cf46a02130c22107fa55ba1c04c1c.jpg
The Banyumas Villa,"Denpasar Selatan, Denpasar",IDR 293.721,4.7,https://s-light.tiket.photos/t/01E25EBZS3W0FY9GTG6C42E1SE/t_htl-dskt/tix-hotel/images-web/2020/10/31/a978dc1a-2015-4db6-9a17-dbf8b66f76db-1604140924956-e8da46dc33282d296b80050b848feaa3.jpg
b Hotel Bali & Spa,"Denpasar Barat, Denpasar",IDR 435.353,4.5,https://s-light.tiket.photos/t/01E25EBZS3W0FY9GTG6C42E1SE/t_htl-dskt/tix-hotel/images-web/2020/10/31/a5f1959e-9f02-407a-a79c-c958160b272f-1604159914991-856fef364833fb8e76e54e15ae46380b.jpg
Ramada by Wyndham Bali Sunset Road Kuta,"Kuta, Denpasar",IDR 410.335,4.0,https://s-light.tiket.photos/t/01E25EBZS3W0FY9GTG6C42E1SE/t_htl-dskt/tix-hotel/images-web/2020/10/15/695d9480-b408-449e-82bd-0796dc849598-1602744491538-cc7851daa26a8dae2e2fdeadda80dc5c.jpg
ARTOTEL Sanur Bali,"Denpasar Selatan, Denpasar",IDR 489.510,4.5,https://s-light.tiket.photos/t/01E25EBZS3W0FY9GTG6C42E1SE/t_htl-dskt/tix-hotel/images-web/2020/10/31/371e35a3-9b9c-41e5-bed6-b25050f05ae3-1604154953748-89efeda87afb02ebcab8bbfae7be4fa9.jpg
The Vasini Hotel,"Denpasar Timur, Denpasar",IDR 194.020,4.3,https://s-light.tiket.photos/t/01E25EBZS3W0FY9GTG6C42E1SE/t_htl-dskt/tix-hotel/images-web/2021/03/12/0e59e0cb-1b21-4966-a57e-204982a78111-1615536932372-6ad9a19451c5d2141ac32e03e2581882.jpg
POP! Hotel Teuku Umar,"Denpasar Barat, Denpasar",IDR 167.000,3.7,https://s-light.tiket.photos/t/01E25EBZS3W0FY9GTG6C42E1SE/t_htl-dskt/tix-hotel/images-web/2020/10/28/38f48854-a853-4120-beea-c113473fb49f-1603882217307-482239eb1500b4146f4431f7a29cbc28.jpg
Inna Bali Beach Resort,"Sanur, Denpasar",IDR 270.675,3.9,https://s-light.tiket.photos/t/01E25EBZS3W0FY9GTG6C42E1SE/t_htl-dskt/tix-hotel/images-web/2021/10/10/5a1093a4-90f1-4291-affb-d0457e644e31-1633836322483-44adb2d63c6b44bbf7795bbefbf3b34f.jpg
Warna Kedaton Hotel and Meetings,"Denpasar Timur, Denpasar",,1.8,https://s-light.tiket.photos/t/01E25EBZS3W0FY9GTG6C42E1SE/t_htl-dskt/tix-hotel/images-web/2020/10/29/17893cfb-1a75-4835-8cfb-5267b0e3edfe-1603929478970-2f5e4eef4397fb45a79e79090243d171.jpg
Hyatt Regency Bali,"Denpasar Selatan, Denpasar",IDR 1.393.887,4.7,https://s-light.tiket.photos/t/01E25EBZS3W0FY9GTG6C42E1SE/t_htl-dskt/tix-hotel/images-web/2020/11/01/6b0a55d0-7f94-4654-b80c-0214f4ec42b0-1604174857632-14abefdf82637fcc4c5614acd881cee7.jpg
Bali Corail Villa,"Denpasar Barat, Denpasar",IDR 462.410,4.0,https://s-light.tiket.photos/t/01E25EBZS3W0FY9GTG6C42E1SE/t_htl-dskt/tix-hotel/images-web/2021/10/16/f6789ef5-0e2f-4252-9e15-f38e72ad7528-1634334333921-0fc1ae4205f5ddbc41c08751becfb186.jpg
The Cakra Hotel,"Denpasar Timur, Denpasar",IDR 168.290,3.9,https://s-light.tiket.photos/t/01E25EBZS3W0FY9GTG6C42E1SE/t_htl-dskt/tix-hotel/images-web/2021/03/12/12dfee87-c416-4f0a-9f20-b432c051638d-1615533330350-f734d69a77a6cd2d2c65e888e32d8f75.jpg
The Rani Garden Bed and Breakfast,"Denpasar Selatan, Denpasar",IDR 355.039,4.0,https://s-light.tiket.photos/t/01E25EBZS3W0FY9GTG6C42E1SE/t_htl-dskt/tix-hotel/images-web/2020/10/29/264fcb95-1aef-435b-a1f9-bee39edeffd2-1603909386493-18bafaaae54084f1ad1000b14380c476.jpg
Maya Sanur Resort & Spa,"Denpasar Selatan, Denpasar",IDR 1.943.498,4.5,https://s-light.tiket.photos/t/01E25EBZS3W0FY9GTG6C42E1SE/t_htl-dskt/tix-hotel/images-web/2020/10/31/8903c053-7e36-4a37-8c81-069ccc3c4748-1604155432351-43347f2c2b1050b87a9deef894340b48.jpg
Akarsa Kokoro,"Denpasar Selatan, Denpasar",,,https://s-light.tiket.photos/t/01E25EBZS3W0FY9GTG6C42E1SE/t_htl-dskt/tix-hotel/images-web/2020/10/30/c91184ff-7d4b-4c3f-a405-fd7dfcf22c27-1604010549853-38591c49dcf6460533cc59f5a433f150.jpg
Golden Tulip Essential Denpasar,"Denpasar Barat, Denpasar",IDR 188.496,3.9,https://s-light.tiket.photos/t/01E25EBZS3W0FY9GTG6C42E1SE/t_htl-dskt/tix-hotel/images-web/2020/10/28/68b1f4c3-dc70-492f-b994-c407306e1a09-1603889349281-8ed9e26c83a3bbea27379c23d3f7cb79.jpg
Puri Maharani Boutique Hotel,"Kesiman Kertalangu, Denpasar",IDR 401.531,3.3,https://s-light.tiket.photos/t/01E25EBZS3W0FY9GTG6C42E1SE/t_htl-dskt/tix-hotel/images-web/2020/10/15/afe900d6-5192-4994-b3f3-e9036a4bd3cc-1602723123553-44fb874a82e6eab6a97854e05c818028.jpg
Iconic Bali Living,"Denpasar Selatan, Denpasar",,4.5,https://s-light.tiket.photos/t/01E25EBZS3W0FY9GTG6C42E1SE/t_htl-dskt/tix-hotel/images-web/2020/09/16/c5fd726a-bf37-4dde-bc99-febb6041496c-1600232433892-741cd4bc92b8c58429ca2e76a93ba7f6.jpg
Alamanda Town House,"Denpasar Selatan, Denpasar",IDR 419.836,,https://s-light.tiket.photos/t/01E25EBZS3W0FY9GTG6C42E1SE/t_htl-dskt/tix-hotel/images-web/2020/10/28/bbeab9f8-d67d-4e47-9f8d-e2cf424b747d-1603900761693-7a4fee07dce45b9f79bf849ca5d0ed70.jpg
Mahana Boutique Apartment,"Denpasar Timur, Denpasar",IDR 240.975,4.0,https://s-light.tiket.photos/t/01E25EBZS3W0FY9GTG6C42E1SE/t_htl-dskt/tix-hotel/images-web/2020/11/01/d13d955e-1035-4b7c-8e9e-6c3ac30f3621-1604185811909-65488bb67301a46c1025b6eb24a2c348.jpg
Maha Laksmi Boutique Hotel,"Denpasar Selatan, Denpasar",IDR 265.501,3.9,https://s-light.tiket.photos/t/01E25EBZS3W0FY9GTG6C42E1SE/t_htl-dskt/tix-hotel/images-web/2020/10/28/274dbb7d-5fe3-4dc4-999e-e301ad9f3e8a-1603899982167-41f85d21781ffadd5f8871b041fe26de.jpg
The Oasis Lagoon Sanur,"Denpasar Selatan, Denpasar",IDR 200.920,4.1,https://s-light.tiket.photos/t/01E25EBZS3W0FY9GTG6C42E1SE/t_htl-dskt/tix-hotel/images-web/2020/10/28/83606e19-5d2b-4f09-9633-2794ef98530d-1603877502423-502ff87916c3789f0b455cbfdcab09ad.jpg
The Alantara Sanur,"Denpasar Selatan, Denpasar",IDR 535.500,3.9,https://s-light.tiket.photos/t/01E25EBZS3W0FY9GTG6C42E1SE/t_htl-dskt/tix-hotel/images-web/2020/10/29/8d98cb54-b2e5-46d3-8878-e424f3c022d8-1603911925881-b34f2ecc78711719e20cd9d9cc63bf19.jpg
Villa Tangtu Beach Inn,"Denpasar Timur, Denpasar",IDR 127.987,2.8,https://s-light.tiket.photos/t/01E25EBZS3W0FY9GTG6C42E1SE/t_htl-dskt/tix-hotel/images-web/2020/12/12/d3023acc-31a8-4261-b6f1-a764d93a5b3e-1607778555913-8b12b6ae9641e0e59991a4a06c47941b.jpg
Mahajaya Hotel Denpasar,"Denpasar Utara, Denpasar",IDR 125.437,3.3,https://s-light.tiket.photos/t/01E25EBZS3W0FY9GTG6C42E1SE/t_htl-dskt/tix-hotel/images-web/2020/10/28/0663546a-8eb0-4374-bf33-ba16225eb904-1603898788439-61f82f43d157998c4e6eef86eef965f8.jpg
Grand Mirah Boutique Hotel,"Denpasar Utara, Denpasar",IDR 739.200,4.2,https://s-light.tiket.photos/t/01E25EBZS3W0FY9GTG6C42E1SE/t_htl-dskt/tix-hotel/images-web/2020/10/28/7d48aabb-1606-49e9-98f7-5f4a67f36da5-1603897791393-9666b3d973247de81784218d36d3e74b.jpg
Adhi Jaya Sunset Hotel,"Kuta, Denpasar",IDR 131.547,4.2,https://s-light.tiket.photos/t/01E25EBZS3W0FY9GTG6C42E1SE/t_htl-dskt/tix-hotel/images-web/2020/10/31/57777f91-db15-477b-9686-d4f43f384f48-1604138208208-5ab4ffe07e0f2576a5036c861e360b5b.jpg
POP! Hotel Denpasar Bali,"Denpasar Utara, Denpasar",IDR 179.100,3.8,https://s-light.tiket.photos/t/01E25EBZS3W0FY9GTG6C42E1SE/t_htl-dskt/tix-hotel/images-web/2020/10/28/28a49015-5bae-40b6-b986-8f42af4dd2cf-1603890972497-04a5a6df3e0dc2cc984e34b2f991bf27.jpg
Kayu Suar Bali Luxury Villas and Spa,"Denpasar Selatan, Denpasar",IDR 645.750,5.0,https://s-light.tiket.photos/t/01E25EBZS3W0FY9GTG6C42E1SE/t_htl-dskt/tix-hotel/images-web/2020/10/28/48a7e752-19ad-4e7a-bebb-2e66b0e4e4b2-1603896623202-3c73299030bcf318bb601d32267a0839.jpg
Grand Pondok Puri Ayu,"Denpasar Barat, Denpasar",IDR 259.450,3.3,https://s-light.tiket.photos/t/01E25EBZS3W0FY9GTG6C42E1SE/t_htl-dskt/tix-hotel/images-web/2020/10/15/2585560f-fa01-4a48-9182-10f6567d0a8e-1602745319741-5f3d4df816b1d083ff850bc99059d109.jpg
Inna Bali Heritage Hotel,"Denpasar Utara, Denpasar",IDR 139.045,4.1,https://s-light.tiket.photos/t/01E25EBZS3W0FY9GTG6C42E1SE/t_htl-dskt/tix-hotel/images-web/2020/10/28/e8fd0065-0cf2-49b8-8699-1bc058fc1322-1603880165429-dfdb2d074396c4e64ec93406feb4f528.jpg
"Sudamala Resort, Sanur","Denpasar Selatan, Denpasar",IDR 1.110.000,4.7,https://s-light.tiket.photos/t/01E25EBZS3W0FY9GTG6C42E1SE/t_htl-dskt/tix-hotel/images-web/2020/10/28/c107e49e-29d4-43b6-9565-9e6021abf00d-1603879293977-9defb04648bbf9f93fff6cfec5cf9e59.jpg
Amaris Hotel Teuku Umar - Denpasar Bali,"Denpasar Barat, Denpasar",IDR 277.200,4.0,https://s-light.tiket.photos/t/01E25EBZS3W0FY9GTG6C42E1SE/t_htl-dskt/tix-hotel/images-web/2020/11/20/786d9367-951f-4731-b0a2-edba495ef61a-1605890628596-a29bc1c4e0fd396e395d23d79c3e3beb.jpg
Hotel Oranjje,"Denpasar Selatan, Denpasar",IDR 177.255,2.7,https://s-light.tiket.photos/t/01E25EBZS3W0FY9GTG6C42E1SE/t_htl-dskt/tix-hotel/images-web/2020/10/28/cf6aae6f-93e1-4344-9706-34d2d7d29786-1603880129279-2e7d10036ae89846d82115be33178af0.jpg
Mai Mesare Villa,"Kesiman, Denpasar",,,https://s-light.tiket.photos/t/01E25EBZS3W0FY9GTG6C42E1SE/t_htl-dskt/tix-hotel/images-web/2020/11/15/38c24b7e-fb35-4677-a18d-c6b96252b52f-1605451014846-c50b7f384ccdff0ca69642fbedb1ed23.jpg
Grand Lifestyle Hotel,"Denpasar Barat, Denpasar",,3.1,https://s-light.tiket.photos/t/01E25EBZS3W0FY9GTG6C42E1SE/t_htl-dskt/tix-hotel/images-web/2020/10/28/ad0d9c95-f44b-4c75-9a2c-449f304b7bf4-1603889450134-79b38750fc10b624007cfebe3e19ac70.jpg
Maison Aurelia Sanur - by Préférence,"Denpasar Selatan, Denpasar",IDR 678.300,4.7,https://s-light.tiket.photos/t/01E25EBZS3W0FY9GTG6C42E1SE/t_htl-dskt/tix-hotel/images-web/2020/10/28/cabb2f45-95db-4fd0-b153-4c31ee7458ed-1603903783450-67fe15347d97b203fcd3d6f1fc0cdbd6.jpg
Cityzen Renon,"Denpasar Selatan, Denpasar",,5.0,https://s-light.tiket.photos/t/01E25EBZS3W0FY9GTG6C42E1SE/t_htl-dskt/tix-hotel/images-web/2021/10/09/e7a81a75-078c-49f7-af18-fe9761a8bf51-1633725634760-c54aae5a53ed7ade6981006433c04d62.jpg
Mahagiri Villas Sanur,"Denpasar Selatan, Denpasar",,4.3,https://s-light.tiket.photos/t/01E25EBZS3W0FY9GTG6C42E1SE/t_htl-dskt/tix-hotel/images-web/2020/11/14/9bda50c0-3dbd-443b-8aa1-062487eef05d-1605301437260-68f3ad3894c9fa2c2dc98bc542d52092.jpg
Hawaii Bali Villa,"Denpasar Selatan, Denpasar",,4.8,https://s-light.tiket.photos/t/01E25EBZS3W0FY9GTG6C42E1SE/t_htl-dskt/tix-hotel/images-web/2021/03/18/18d05ae3-544b-43a2-9cee-7fe15b32e31b-1616068500373-d9796b1b7387d796d9d1cfbee9e3e013.jpg
The Studio Bali Seminyak,"Denpasar Barat, Denpasar",IDR 163.134,3.8,https://s-light.tiket.photos/t/01E25EBZS3W0FY9GTG6C42E1SE/t_htl-dskt/tix-hotel/images-web/2020/10/28/2e59a1d3-7d15-4817-bb58-e53b590783c4-1603882868526-771dc82055bf23a10b1db1d112e8fa91.jpg
Hotel Puri Ayu,"Denpasar Barat, Denpasar",IDR 312.741,4.3,https://s-light.tiket.photos/t/01E25EBZS3W0FY9GTG6C42E1SE/t_htl-dskt/tix-hotel/images-web/2020/11/16/2aa89cab-0171-45c1-805e-c299308d1acb-1605494696687-61f132acaeda9c2eb950c4651a94651b.jpg
JOGLO VILLA BALI,"Denpasar Utara, Denpasar",IDR 206.020,2.3,https://s-light.tiket.photos/t/01E25EBZS3W0FY9GTG6C42E1SE/t_htl-dskt/tix-hotel/images-web/2021/03/18/3648903b-657f-4b98-9463-f7df0db19ec8-1616067957547-ff72fad52a618e3116c2449f54b6408c.jpg
L Amore Hotel Seminyak,"Denpasar Barat, Denpasar",IDR 169.575,4.2,https://s-light.tiket.photos/t/01E25EBZS3W0FY9GTG6C42E1SE/t_htl-dskt/tix-hotel/images-web/2020/10/29/97e68903-3870-465a-b29f-ab3e46b51d57-1603913797886-eb1b60ef015a96a29adc629e792eeef6.jpg
Prime Plaza Hotel Sanur - Bali,"Sanur, Denpasar",IDR 353.497,4.3,https://s-light.tiket.photos/t/01E25EBZS3W0FY9GTG6C42E1SE/t_htl-dskt/tix-hotel/images-web/2020/10/28/02c7d838-afac-4dc2-96e6-bb4b094b42b5-1603881702835-c17605f4a1344a7b6284ebeb4dbe70d7.jpg
Mansu Hotel and Spa Legian,"Denpasar Barat, Denpasar",IDR 125.760,4.3,https://s-light.tiket.photos/t/01E25EBZS3W0FY9GTG6C42E1SE/t_htl-dskt/tix-hotel/images-web/2020/11/01/3e10c139-cf4b-43da-af65-41465093454c-1604168399047-bb1a0eac0c77ca2cc22cc208410a46ca.jpg
Inna Bali Beach Garden,"Sanur, Denpasar",IDR 279.618,4.1,https://s-light.tiket.photos/t/01E25EBZS3W0FY9GTG6C42E1SE/t_htl-dskt/tix-hotel/images-web/2020/11/23/297b4176-6a09-4012-8e9c-87c0369daa6b-1606093457563-7249bce62de48bdd2f023cc7e9e4f0e7.jpg
Nirmala Hotel Denpasar,"Denpasar Barat, Denpasar",IDR 207.879,2.8,https://s-light.tiket.photos/t/01E25EBZS3W0FY9GTG6C42E1SE/t_htl-dskt/tix-hotel/images-web/2020/11/01/7d512d9c-3355-4a34-a087-fe8cf4c64bb7-1604172712018-0f8e93e02b938e0c7e43d79cf76be642.jpg
Puri Santrian Beach Resort & Spa,"Denpasar Selatan, Denpasar",IDR 1.112.203,4.6,https://s-light.tiket.photos/t/01E25EBZS3W0FY9GTG6C42E1SE/t_htl-dskt/tix-hotel/images-web/2021/08/24/2bc43cb0-7443-4839-850a-52937b0fa6d6-1629791123558-4febc2d7e417318c958e350246d2420c.jpg
Akila Stay Denpasar,"Denpasar Utara, Denpasar",IDR 160.000,4.1,https://s-light.tiket.photos/t/01E25EBZS3W0FY9GTG6C42E1SE/t_htl-dskt/tix-hotel/images-web/2020/10/29/b6da9c7e-dfff-4bb6-8a4b-bf66097f286b-1603917526714-5eb8afd14c8a2ce7070436aa38ee17d0.jpg
Santosa City Hotel,"Denpasar Barat, Denpasar",,3.4,https://s-light.tiket.photos/t/01E25EBZS3W0FY9GTG6C42E1SE/t_htl-dskt/tix-hotel/images-web/2021/03/12/5f5f72bb-0f6a-405a-bf37-dfed8d023f89-1615555057587-540399539427205cc704985cee98db6d.jpg
Batu Jimbar Residence,"Denpasar Selatan, Denpasar",,,https://s-light.tiket.photos/t/01E25EBZS3W0FY9GTG6C42E1SE/t_htl-dskt/tix-hotel/images-web/2020/10/31/6f98653d-acfe-4684-8eeb-cc792c5fe2d4-1604132853195-06f87f18a126f37108f01d747b7cfc5f.jpg
Karana Villa,"Denpasar Barat, Denpasar",IDR 190.139,2.6,https://s-light.tiket.photos/t/01E25EBZS3W0FY9GTG6C42E1SE/t_htl-dskt/tix-hotel/images-web/2020/11/16/79e2f291-c23e-43f8-b6aa-7d6e29374a89-1605516215660-afe07cbf5631f6957c3f461dad12cfa6.jpg
VILLA TAMAN SORGA - SANUR - BALI,"Denpasar Selatan, Denpasar",,,https://s-light.tiket.photos/t/01E25EBZS3W0FY9GTG6C42E1SE/t_htl-dskt/tix-hotel/images-web/2020/11/18/21f11d48-3afa-472e-8d21-045c351c32aa-1605703466682-9547a616ebab1fd4fcd23ff3c6078980.jpg
Grand Asahan House,"Denpasar Selatan, Denpasar",IDR 89.958,2.6,https://s-light.tiket.photos/t/01E25EBZS3W0FY9GTG6C42E1SE/t_htl-dskt/tix-hotel/images-web/2021/03/12/ad50a85f-a973-44e8-8d39-a8dc1c898290-1615550761322-bb57c395d8df06e4748e298741d913aa.jpg
Sanur Residence,"Sanur, Denpasar",IDR 1.620.000,,https://s-light.tiket.photos/t/01E25EBZS3W0FY9GTG6C42E1SE/t_htl-dskt/tix-hotel/images-web/2020/10/31/67745388-60e3-4977-8da6-78ea30ab22d1-1604151056311-2537387d1b29e4cf4afb49bd9a87508e.jpg
Grand Palace Hotel Sanur - Bali,"Denpasar Selatan, Denpasar",IDR 458.333,4.4,https://s-light.tiket.photos/t/01E25EBZS3W0FY9GTG6C42E1SE/t_htl-dskt/tix-hotel/images-web/2020/10/29/231ed7dc-0549-42e8-a7a5-1c78f37cf190-1603917446700-24f4ff91a01d809c1d65aee610da105b.jpg
Griya Tunjung Sari,"Denpasar Timur, Denpasar",,4.8,https://s-light.tiket.photos/t/01E25EBZS3W0FY9GTG6C42E1SE/t_htl-dskt/tix-hotel/images-web/2020/10/31/a0b6203b-cbf5-492e-b754-2488069a4a88-1604146248672-8729cad11cd118724ae1d7dabec1624d.jpg
Hotel Bali Kepundung Denpasar,"Denpasar Utara, Denpasar",IDR 134.972,,https://s-light.tiket.photos/t/01E25EBZS3W0FY9GTG6C42E1SE/t_htl-dskt/tix-hotel/images-web/2020/10/29/aef6f21a-f901-4cfd-a5a2-85ca8f439bcb-1603911331239-075681657e42d945e49beb0bf6045315.jpg
The Salak Hotel Bali,"Denpasar Barat, Denpasar",IDR 252.599,3.3,https://s-light.tiket.photos/t/01E25EBZS3W0FY9GTG6C42E1SE/t_htl-dskt/tix-hotel/images-web/2020/09/23/2e1676aa-8daf-4f69-a3ed-74db006b6b9c-1600801076880-0a5dfb3b1839d76222c104aacd968191.jpg
Taman Ayu 212,"Denpasar Selatan, Denpasar",IDR 141.750,4.0,https://s-light.tiket.photos/t/01E25EBZS3W0FY9GTG6C42E1SE/t_htl-dskt/tix-hotel/images-web/2021/03/12/d11138e9-cd57-4bd9-8058-7b66b46609b5-1615534536235-6f0cdc0359685d65162f36ede8dd82b6.jpg
Kiki Residence Bali,"Denpasar Barat, Denpasar",IDR 112.156,3.0,https://s-light.tiket.photos/t/01E25EBZS3W0FY9GTG6C42E1SE/t_htl-dskt/tix-hotel/images-web/2020/10/15/c3c570ed-4d4d-4ee9-a18c-b1bceed07395-1602747200692-59708b3c9f526cc478d297a8664681f0.jpg
Hotel Taman Suci Denpasar,"Denpasar Barat, Denpasar",,2.8,https://s-light.tiket.photos/t/01E25EBZS3W0FY9GTG6C42E1SE/t_htl-dskt/tix-hotel/images-web/2020/10/28/371e095f-b5fe-4891-add5-83290308ea57-1603876529588-3a5d5538594d9a93091eb39767c6a1d0.jpg
Apartement Lotus  Garden,"Denpasar Timur, Denpasar",,,https://s-light.tiket.photos/t/01E25EBZS3W0FY9GTG6C42E1SE/t_htl-dskt/tix-hotel/images-web/2020/10/31/3727181f-b2ac-4caa-805f-7dcab1a3ce9c-1604147890987-09a9d3154460b636b8139e690b4a5ab7.jpg
Inna Sindhu Beach Hotel,"Sanur, Denpasar",IDR 247.043,4.6,https://s-light.tiket.photos/t/01E25EBZS3W0FY9GTG6C42E1SE/t_htl-dskt/tix-hotel/images-web/2020/10/28/ddb5201d-f9f7-421f-8e6e-dec1f7766a74-1603874842085-ce0b0b748b0d3bcb1d1ed31d97d502a4.jpg
Akana Boutique Hotel Sanur,"Denpasar Selatan, Denpasar",IDR 206.513,4.3,https://s-light.tiket.photos/t/01E25EBZS3W0FY9GTG6C42E1SE/t_htl-dskt/tix-hotel/images-web/2020/10/31/a397bb0d-a1a0-479f-be57-601aafa3ee95-1604132293571-a3189c9229ab0d71c60d267197b241c5.jpg
Prama Sanur Beach Bali,"Denpasar Selatan, Denpasar",IDR 463.981,3.6,https://s-light.tiket.photos/t/01E25EBZS3W0FY9GTG6C42E1SE/t_htl-dskt/tix-hotel/images-web/2020/10/28/31058893-2988-459b-9f81-efbcc2ee41c7-1603874927708-e8c06263bb60e829f13b8c47c263558f.jpg
Jambu Inn Sanur,"Denpasar Selatan, Denpasar",,3.7,https://s-light.tiket.photos/t/01E25EBZS3W0FY9GTG6C42E1SE/t_htl-dskt/tix-hotel/images-web/2020/10/29/7731b828-96e5-40fd-9409-2874a854ce3c-1603924615161-4e1107a82a9bc33861f0258dfa2daae7.jpg
Arena Living,"Sanur, Denpasar",IDR 315.900,4.2,https://s-light.tiket.photos/t/01E25EBZS3W0FY9GTG6C42E1SE/t_htl-dskt/tix-hotel/images-web/2020/10/29/edfe9f8b-d734-4a44-8e3a-132cb1957c2e-1603915211422-c34d31654a849db70a1694574ccea472.jpg
D'uma Residence & Hostel,"Denpasar Selatan, Denpasar",IDR 51.792,3.3,https://s-light.tiket.photos/t/01E25EBZS3W0FY9GTG6C42E1SE/t_htl-dskt/tix-hotel/images-web/2020/10/31/ab8e2e29-ca4a-4d56-8f29-164361538f50-1604161753833-378c8cb70f64b4e712df33c73d9f7ffb.jpg
Aston Denpasar Hotel and Convention Center,"Denpasar Utara, Denpasar",IDR 370.698,3.7,https://s-light.tiket.photos/t/01E25EBZS3W0FY9GTG6C42E1SE/t_htl-dskt/tix-hotel/images-web/2021/06/08/ba882566-bf1e-4db6-a37c-9a63b0683f35-1623149711128-a3a605c986a14f3bc5227f89977929bc.jpg
Taksu Sanur Hotel,"Denpasar Selatan, Denpasar",IDR 270.726,4.1,https://s-light.tiket.photos/t/01E25EBZS3W0FY9GTG6C42E1SE/t_htl-dskt/tix-hotel/images-web/2020/11/01/c601e2c7-99ba-4a98-b665-066997102373-1604164293991-de5f689670399df8a7d816e47677e3b8.jpg
Segara Village Hotel,"Denpasar Selatan, Denpasar",IDR 662.571,4.2,https://s-light.tiket.photos/t/01E25EBZS3W0FY9GTG6C42E1SE/t_htl-dskt/tix-hotel/images-web/2020/10/28/5e00fe3b-2ea5-46c7-8448-a999984d6020-1603875991570-401fd90b512c7a04becdbb7ea8c604e1.jpg
Villa Seriska Dua Sanur,"Denpasar Selatan, Denpasar",IDR 4.263.465,,https://s-light.tiket.photos/t/01E25EBZS3W0FY9GTG6C42E1SE/t_htl-dskt/tix-hotel/images-web/2020/09/22/dc63e172-2574-4fe6-9143-8d88ecc307a4-1600778272354-9133f3ca254ba1baf2d1f97ee08661cd.jpg
Four Star by Trans Hotel,"Denpasar Selatan, Denpasar",IDR 334.113,3.9,https://s-light.tiket.photos/t/01E25EBZS3W0FY9GTG6C42E1SE/t_htl-dskt/tix-hotel/images-web/2020/11/16/73e4da88-04cb-49ef-a86e-7f99d8eb8eac-1605524542333-3b84cb89b7dcf95415ce5be20bd5d1f9.jpg
Antara Sunset Road,"Pemogan, Denpasar",,1.5,https://s-light.tiket.photos/t/01E25EBZS3W0FY9GTG6C42E1SE/t_htl-dskt/tix-hotel/images-web/2020/10/31/60a1ec77-18c0-48a3-a88f-257836e7fcb6-1604118800164-5e9522c234107f204b6be22a53e7eef3.jpg
Sanur Agung Hotel,"Denpasar Selatan, Denpasar",IDR 209.000,3.7,https://s-light.tiket.photos/t/01E25EBZS3W0FY9GTG6C42E1SE/t_htl-dskt/tix-hotel/images-web/2020/10/28/c592b48f-67c8-4c51-9e89-6f210ad73957-1603873759760-9cec23982bc5ad4f1f368ba72f367e52.jpg
The Alley City Hotel,"Denpasar Selatan, Denpasar",IDR 186.300,4.0,https://s-light.tiket.photos/t/01E25EBZS3W0FY9GTG6C42E1SE/t_htl-dskt/tix-hotel/images-web/2020/10/15/04b64e40-44c1-47c5-9731-50a8537d9df1-1602749487231-a19d5bc1bcc3c52f5c481e097652bd15.jpg
D Astri Guest House,"Denpasar Selatan, Denpasar",IDR 100.933,3.8,https://s-light.tiket.photos/t/01E25EBZS3W0FY9GTG6C42E1SE/t_htl-dskt/tix-hotel/images-web/2020/10/29/875536cf-8038-4d74-8640-1345308e72dd-1603920155898-4244d36a8b55b557e0b7aa45276aefa4.jpg
Diwangkara Beach Hotel and Resort,"Denpasar Selatan, Denpasar",IDR 482.247,,https://s-light.tiket.photos/t/01E25EBZS3W0FY9GTG6C42E1SE/t_htl-dskt/tix-hotel/images-web/2020/10/16/832ff3be-1136-4fda-a601-ec15b574745f-1602804720419-162d85bba1a91f1767844d5476c9a2c1.jpg
Rai House Sanur,"Denpasar Selatan, Denpasar",IDR 119.576,4.2,https://s-light.tiket.photos/t/01E25EBZS3W0FY9GTG6C42E1SE/t_htl-dskt/tix-hotel/images-web/2020/10/28/0a537973-515d-4ac7-ab73-29c8dcf83aab-1603902746328-0db0a9cd5017ee68bf07b7fd3c6e01cb.jpg
The Kings Villas and Spa Sanur,"Sidakarya, Denpasar",IDR 900.000,4.8,https://s-light.tiket.photos/t/01E25EBZS3W0FY9GTG6C42E1SE/t_htl-dskt/tix-hotel/images-web/2021/03/18/1cb030b9-e99c-41bc-bcd0-8c8cfee03e02-1616068526217-3052dce75016c4b60d901dd8241db9dc.jpg
Alit Beach Resort and Villas,"Denpasar Selatan, Denpasar",IDR 426.300,2.7,https://s-light.tiket.photos/t/01E25EBZS3W0FY9GTG6C42E1SE/t_htl-dskt/tix-hotel/images-web/2021/10/23/96074f04-fff5-4346-894b-134e208390b6-1634926864144-15df1f3973417796d3a96e03a3900177.jpg
Puri Sading Hotel,"Denpasar Selatan, Denpasar",IDR 294.058,,https://s-light.tiket.photos/t/01E25EBZS3W0FY9GTG6C42E1SE/t_htl-dskt/tix-hotel/images-web/2020/10/28/4fcfcd2d-2366-4e10-a9af-55b888075739-1603876582314-6fe159a8767c652e8ec5d1359d7053c2.jpg
Umah Bali Suite and Residence,"Denpasar Utara, Denpasar",IDR 116.660,3.9,https://s-light.tiket.photos/t/01E25EBZS3W0FY9GTG6C42E1SE/t_htl-dskt/tix-hotel/images-web/2020/09/30/e93d6135-ec83-4efb-870b-4ef6ebc9a120-1601461077376-90cc8fe8f2bbbd2f5b727b1caa06a5cd.jpg
Home 21 Bali,"Denpasar Selatan, Denpasar",IDR 261.001,4.0,https://s-light.tiket.photos/t/01E25EBZS3W0FY9GTG6C42E1SE/t_htl-dskt/tix-hotel/images-web/2020/11/15/10394449-40de-4285-aa50-34382dc7d8d4-1605409572648-46cd73afdd1e8411372d62709ac717a8.jpg
Holiday Inn Bali Sanur,"Denpasar Selatan, Denpasar",IDR 503.554,4.8,https://s-light.tiket.photos/t/01E25EBZS3W0FY9GTG6C42E1SE/t_htl-dskt/tix-hotel/images-web/2021/08/16/de6cdc49-fa6f-48a8-bde2-d41b3fde2ed7-1629080126076-b8773884fd7aabeedc6a712826a70f8b.jpg
Puri Yuma Hotel & Villa,"Denpasar Selatan, Denpasar",,2.5,https://s-light.tiket.photos/t/01E25EBZS3W0FY9GTG6C42E1SE/t_htl-dskt/tix-hotel/images-web/2020/11/16/e34dbdd2-6373-42bd-977d-b9f95074aeee-1605482700632-86f007a9096cfd98b6adfd71d2e01d2b.jpg
Sindhu Mertha Suite,"Denpasar Selatan, Denpasar",IDR 205.987,3.7,https://s-light.tiket.photos/t/01E25EBZS3W0FY9GTG6C42E1SE/t_htl-dskt/tix-hotel/images-web/2020/10/29/fc993869-a688-41b9-a4d2-5ab8173dafa2-1603905609390-c727eba2be9575f9a93346af3716971e.jpg
Griya Sunset Kuta,"Denpasar Barat, Denpasar",,3.1,https://s-light.tiket.photos/t/01E25EBZS3W0FY9GTG6C42E1SE/t_htl-dskt/tix-hotel/images-web/2020/10/31/cc9c8518-71ae-4649-89f3-2f457c74bde8-1604126768891-6aa38351ea1b5fb7ed190f3a88d4678d.jpg
Sanur Seaview Hotel,"Denpasar Selatan, Denpasar",IDR 324.000,3.7,https://s-light.tiket.photos/t/01E25EBZS3W0FY9GTG6C42E1SE/t_htl-dskt/tix-hotel/images-web/2020/10/31/a219591c-8e9f-4813-b826-5a299df6bb03-1604130791242-0a664f91d34a2111e7da54fa7a7291cf.jpg
The Grand Bali Park Hotel,"Denpasar Barat, Denpasar",,2.1,https://s-light.tiket.photos/t/01E25EBZS3W0FY9GTG6C42E1SE/t_htl-dskt/tix-hotel/images-web/2020/10/31/2450c228-b32b-4977-8b4f-a1cef42d86a6-1604140001028-d7c50c13de52dff55afe8579be8d5dc1.jpg
Bali Emerald Villa,"Denpasar Selatan, Denpasar",IDR 876.408,,https://s-light.tiket.photos/t/01E25EBZS3W0FY9GTG6C42E1SE/t_htl-dskt/tix-hotel/images-web/2021/09/22/b7a993b2-9c7c-489c-9741-08a935d11cd2-1632279054966-f409f610bea5fb4c50fab12b62f5babd.jpg
Visakha Sanur,"Denpasar Selatan, Denpasar",,1.0,https://s-light.tiket.photos/t/01E25EBZS3W0FY9GTG6C42E1SE/t_htl-dskt/tix-hotel/images-web/2021/01/09/c4e971cf-d74a-478f-8ff7-df55aa401ff6-1610180719180-7927f5b71e8b1f4dd62a559628b155ed.jpg
De Lemon Gatsu,"Denpasar Utara, Denpasar",,2.2,https://s-light.tiket.photos/t/01E25EBZS3W0FY9GTG6C42E1SE/t_htl-dskt/tix-hotel/images-web/2020/10/28/3bf386ce-4d31-4f4f-b050-991b0292cc0d-1603898544199-9ca9022402272f97d8083b638fbe3070.jpg
Dampati Villas,"Denpasar Selatan, Denpasar",,,https://s-light.tiket.photos/t/01E25EBZS3W0FY9GTG6C42E1SE/t_htl-dskt/tix-hotel/images-web/2020/10/28/428d8378-86f9-4f82-945c-ffade1a34741-1603879326835-ec3b41e2695959a83a483b02ac60c4b7.jpg
Shagida Apartment,"Denpasar Selatan, Denpasar",,,https://s-light.tiket.photos/t/01E25EBZS3W0FY9GTG6C42E1SE/t_htl-dskt/tix-hotel/images-web/2020/11/05/9ed86688-7752-4cef-b3c3-c41403e1e490-1604551102183-239b27c231c4d0f0eb38fed528ce2c3f.jpg
Sayang Residence 2,"Denpasar Selatan, Denpasar",IDR 246.240,3.1,https://s-light.tiket.photos/t/01E25EBZS3W0FY9GTG6C42E1SE/t_htl-dskt/tix-hotel/images-web/2020/10/13/f06feb71-dcbe-4f90-8a65-a526e4098585-1602555684374-6c9f190278d7dc3767a7d3dc909b9d3a.jpg
Villa Mahapala Bali,"Denpasar Selatan, Denpasar",IDR 1.806.500,,https://s-light.tiket.photos/t/01E25EBZS3W0FY9GTG6C42E1SE/t_htl-dskt/tix-hotel/images-web/2020/10/28/88eb2cd1-cb4c-40e8-8362-6cea8aa2f15b-1603875582075-8568247e4d6e48ec52a1b12cf698f31e.jpg
Puri Dalem Sanur Hotel,"Denpasar Selatan, Denpasar",IDR 404.999,4.6,https://s-light.tiket.photos/t/01E25EBZS3W0FY9GTG6C42E1SE/t_htl-dskt/tix-hotel/images-web/2020/10/15/581f6f5e-34d9-4610-9a20-bcf5abd2e09d-1602729736459-3b407c8b8874e2a78df59120218d36b0.jpg
Prime Plaza Suites Sanur - Bali,"Sanur, Denpasar",IDR 430.985,4.3,https://s-light.tiket.photos/t/01E25EBZS3W0FY9GTG6C42E1SE/t_htl-dskt/tix-hotel/images-web/2020/10/28/ea753c5f-daae-4d13-9ab6-0cbbb9da7ec5-1603882039475-683ffd32d8ddde171aca66c6b26c5aa3.jpg
RedDoorz Plus @ Mahendradatta Denpasar,"Denpasar Barat, Denpasar",IDR 118.299,4.7,https://s-light.tiket.photos/t/01E25EBZS3W0FY9GTG6C42E1SE/t_htl-dskt/tix-hotel/images-web/2020/10/26/f190efeb-81bc-4b5d-83a5-0487e518af6d-1603684669629-e865cf06fa7477b50aced31f7e7380ac.jpg
Fairmont Sanur Beach Bali,"Denpasar Selatan, Denpasar",IDR 4.571.111,3.1,https://s-light.tiket.photos/t/01E25EBZS3W0FY9GTG6C42E1SE/t_htl-dskt/tix-hotel/images-web/2020/11/01/68973a20-1227-475c-af5e-9bc9cc1b24cb-1604178392967-dd5ad7a06b4df6e99285d5b8ac6f6f85.jpg
Abian Harmony Hotel,"Denpasar Selatan, Denpasar",IDR 180.000,4.3,https://s-light.tiket.photos/t/01E25EBZS3W0FY9GTG6C42E1SE/t_htl-dskt/tix-hotel/images-web/2020/10/28/bb45cf18-6883-41d5-b6be-4d8ab598a3c3-1603898891331-9381d661bcc5470144be08d4006af627.jpg
Abian Srama Hotel and Spa,"Sanur, Denpasar",IDR 116.999,3.5,https://s-light.tiket.photos/t/01E25EBZS3W0FY9GTG6C42E1SE/t_htl-dskt/tix-hotel/images-web/2020/11/15/b8778de9-4521-4f25-8205-83b20b0586ed-1605414583064-4ed6e7136a58b9e840c3abab9554f28c.jpg
OYO 499 Princess Keisha Hotel & Convention Center,"Denpasar Barat, Denpasar",IDR 157.524,3.1,https://s-light.tiket.photos/t/01E25EBZS3W0FY9GTG6C42E1SE/t_htl-dskt/tix-hotel/images-web/2020/10/31/b3e5e9f7-28a4-4823-aae0-e3f973437a4f-1604144616489-fc1864c2f7025ad540c12c2f11663c12.jpg
Uma Emas Residence,"Denpasar Selatan, Denpasar",,,https://s-light.tiket.photos/t/01E25EBZS3W0FY9GTG6C42E1SE/t_htl-dskt/tix-hotel/images-web/2020/11/01/fc84922b-2d18-49bf-a03f-fc172eb39423-1604166367317-dc338e1fe647773446dc6b97463ebd31.jpg
Amansari Villa,"Denpasar Selatan, Denpasar",IDR 378.000,4.7,https://s-light.tiket.photos/t/01E25EBZS3W0FY9GTG6C42E1SE/t_htl-dskt/tix-hotel/images-web/2020/11/01/bb8decc0-ce65-40b6-ab1f-bb20677de40e-1604172656512-9089b2b6512db497ec9050b8a0fd2983.jpg
Alam Puri Art Museum - Resort & Spa,"Denpasar Timur, Denpasar",,,https://s-light.tiket.photos/t/01E25EBZS3W0FY9GTG6C42E1SE/t_htl-dskt/tix-hotel/images-web/2020/11/06/2154606c-3483-483d-a3fe-52b3cad287b2-1604596871175-7061edbb12a01cde12193b29ac0e1585.jpg
The Kanjeng Suite & Villa Sanur,"Denpasar Selatan, Denpasar",IDR 167.704,2.8,https://s-light.tiket.photos/t/01E25EBZS3W0FY9GTG6C42E1SE/t_htl-dskt/tix-hotel/images-web/2021/03/22/3273160f-4657-4260-8ea6-db7b22f32f51-1616384716784-aea1b43d0121667f6cf9d87724e79fb1.jpg
Gazebo Beach Hotel,"Denpasar Selatan, Denpasar",IDR 456.916,,https://s-light.tiket.photos/t/01E25EBZS3W0FY9GTG6C42E1SE/t_htl-dskt/tix-hotel/images-web/2020/10/28/fa27a940-7aab-4985-9cae-15a554eaf61f-1603876718769-1ba7961346c8cba0bac5607011c3d670.jpg
Stana Puri Gopa Hotel,"Denpasar Selatan, Denpasar",IDR 169.387,,https://s-light.tiket.photos/t/01E25EBZS3W0FY9GTG6C42E1SE/t_htl-dskt/tix-hotel/images-web/2020/10/28/3b1ff8ec-727e-4795-8fb6-600e0edf5fe5-1603876613703-adb34537202c2b8eecfe07191d4a8697.jpg
OYO 1486 Tantular Residence,"Denpasar Timur, Denpasar",IDR 118.102,3.9,https://s-light.tiket.photos/t/01E25EBZS3W0FY9GTG6C42E1SE/t_htl-dskt/tix-hotel/images-web/2021/03/12/c5c53e88-34a1-4b23-ac7a-0d86cb3c4e1b-1615545344048-b187856af291d831a988d8c01f2f3317.jpg
Collection O 14 Sun Boutique Hotel,"Kuta, Denpasar",,3.6,https://s-light.tiket.photos/t/01E25EBZS3W0FY9GTG6C42E1SE/t_htl-dskt/tix-hotel/images-web/2020/10/31/2a6731b8-1833-4749-a04f-ae2128057a34-1604138873096-4e3d0b45adb530c16567c804f8fecfa6.jpg
The Yuma Bali Hotel Sanur,"Denpasar Selatan, Denpasar",IDR 252.735,,https://s-light.tiket.photos/t/01E25EBZS3W0FY9GTG6C42E1SE/t_htl-dskt/tix-hotel/images-web/2021/07/06/94b20ecb-1604-4145-9319-612a36633e79-1625562930546-67eb9e39fe8c7856ca1b1139b3c451b4.jpg
Ramayana Hotel,"Denpasar Selatan, Denpasar",IDR 388.499,,https://s-light.tiket.photos/t/01E25EBZS3W0FY9GTG6C42E1SE/t_htl-dskt/tix-hotel/images-web/2021/04/06/883c7427-d7fe-49a2-8e66-f4d118d72fb0-1617696593383-60bad756c569e11b9f182ea526343fed.jpg
The Janan Villa,"Denpasar Selatan, Denpasar",IDR 119.400,4.8,https://s-light.tiket.photos/t/01E25EBZS3W0FY9GTG6C42E1SE/t_htl-dskt/tix-hotel/images-web/2020/10/17/05fe2ab9-ef21-4ddd-895a-49913797bda5-1602920035637-5614e6996c94a92a9634f576bd2dae46.jpg
Lembayung Sari Homestay,"Pemogan, Denpasar",IDR 143.533,4.0,https://s-light.tiket.photos/t/01E25EBZS3W0FY9GTG6C42E1SE/t_htl-dskt/tix-hotel/images-web/2020/10/29/29d004e5-db2f-46d3-b917-828d013836fa-1603928505570-6121d731654efc7ec1999189eabe6f41.jpg
Ganga Hotel & Apartment,"Denpasar Barat, Denpasar",IDR 106.002,3.8,https://s-light.tiket.photos/t/01E25EBZS3W0FY9GTG6C42E1SE/t_htl-dskt/tix-hotel/images-web/2021/01/28/1d7b00db-ab6b-46b4-8bb5-7b85330754aa-1611834911402-d1c32c80fa54253a582f6ebaf2b8a362.jpg
Parigata Resort and Spa,"Denpasar Selatan, Denpasar",IDR 324.935,2.8,https://s-light.tiket.photos/t/01E25EBZS3W0FY9GTG6C42E1SE/t_htl-dskt/tix-hotel/images-web/2020/10/15/d81de277-cb9e-4413-8593-b120ccbc6c98-1602728182885-59ba928388148ccc660748ba7c9839e1.jpg
Alkyfa Hotel,"Denpasar Barat, Denpasar",IDR 354.300,,https://s-light.tiket.photos/t/01E25EBZS3W0FY9GTG6C42E1SE/t_htl-dskt/tix-hotel/images-web/2020/11/01/9d9840d1-937e-42f5-ab56-4cabcc4d7d9a-1604178389128-ccedac4bd5ab5b8cb855302314fed8fe.jpg
Hotel Sanur Indah,"Sanur, Denpasar",IDR 150.000,3.0,https://s-light.tiket.photos/t/01E25EBZS3W0FY9GTG6C42E1SE/t_htl-dskt/tix-hotel/images-web/2020/10/13/5e59bd8e-8703-415a-be87-977960a1c38c-1602561082661-39da11fb287745cc2fdc3a6e6721c645.jpg
Sanur Art Villas,"Sanur, Denpasar",IDR 232.200,4.1,https://s-light.tiket.photos/t/01E25EBZS3W0FY9GTG6C42E1SE/t_htl-dskt/tix-hotel/images-web/2020/10/29/150ee2ff-be72-4744-88b5-f7a1910c29cb-1603908492987-ab7d1f9b407650c95659daa0df756b62.jpg
Akarsa Residence,"Denpasar Selatan, Denpasar",IDR 166.487,3.4,https://s-light.tiket.photos/t/01E25EBZS3W0FY9GTG6C42E1SE/t_htl-dskt/tix-hotel/images-web/2021/02/26/dadce165-26cf-435d-9207-a6654b857d34-1614332723144-c97957bdf8ae2fc9754cba60b78b0ec3.jpg
Nirmala Hotel and Convention Centre,"Denpasar Barat, Denpasar",IDR 261.799,,https://s-light.tiket.photos/t/01E25EBZS3W0FY9GTG6C42E1SE/t_htl-dskt/tix-hotel/images-web/2020/10/19/eaca5945-db1c-44bb-b633-c01ea53b4f79-1603104730070-9c7b23815d63a3a54982aac0f3d7a582.jpg
"3 Br Villa II Sayang Sanur , Only 6 minutes walk to beach","Denpasar Selatan, Denpasar",,,https://s-light.tiket.photos/t/01E25EBZS3W0FY9GTG6C42E1SE/t_htl-dskt/tix-hotel/images-web/2021/08/19/cf6fd0c1-5062-446c-95cf-c21195a78231-1629339321195-f261d4b3ac572b59a931c2394dc963c9.jpg
Cafe Locca Hostel Bali,"Denpasar Selatan, Denpasar",,,https://s-light.tiket.photos/t/01E25EBZS3W0FY9GTG6C42E1SE/t_htl-dskt/tix-hotel/images-web/2021/09/30/d6b79231-6fe5-4795-a697-065258dff2f4-1632994248928-ac76ff6350f9b6777fc5c563475fc7ec.jpg
"3 Br Villa III Sayang Sanur , Only 6 minutes walk to beach","Denpasar Selatan, Denpasar",,,https://s-light.tiket.photos/t/01E25EBZS3W0FY9GTG6C42E1SE/t_htl-dskt/tix-hotel/images-web/2021/08/19/d1879868-e1ed-4669-b919-2d614301388f-1629339916141-559400a068e17d96b172a705ab316dcc.jpg
"3 Br Villa VI Sayang Sanur , Only 6 minutes walk to beach","Denpasar Selatan, Denpasar",,,https://s-light.tiket.photos/t/01E25EBZS3W0FY9GTG6C42E1SE/t_htl-dskt/tix-hotel/images-web/2021/08/19/00555a9d-b14f-4feb-ac51-69404716c4d3-1629339917616-9c70b6a816ee1e7c1816ad2457cd2598.jpg
"3 Br Villa V Sayang Sanur , Only 6 minutes walk to beach","Denpasar Selatan, Denpasar",IDR 4.860.000,,https://s-light.tiket.photos/t/01E25EBZS3W0FY9GTG6C42E1SE/t_htl-dskt/tix-hotel/images-web/2021/08/19/5f1b0516-3bb2-498a-b8bc-66c552a88fba-1629339917445-ece5874d89cac7f3413bccd4aee1cad8.jpg
Saka Umah 2 Bedrooms with private pool,"Denpasar Barat, Denpasar",,,https://s-light.tiket.photos/t/01E25EBZS3W0FY9GTG6C42E1SE/t_htl-dskt/tix-hotel/images-web/2021/09/28/b177bb7b-2a34-4a39-9da2-d7f33b716d2a-1632781601421-7c283f95638f74d70011ad279ec353bd.jpg
Papaya Villa,"Denpasar Selatan, Denpasar",,,https://s-light.tiket.photos/t/01E25EBZS3W0FY9GTG6C42E1SE/t_htl-dskt/tix-hotel/images-web/2020/10/16/31f12782-1102-4461-a871-73cb73eec106-1602795089292-3d649294e1f407178da5131b2fec4a6c.jpg
"3 Br Villa I Sayang Sanur , Only 6 minutes walk to beach","Denpasar Selatan, Denpasar",,,https://s-light.tiket.photos/t/01E25EBZS3W0FY9GTG6C42E1SE/t_htl-dskt/tix-hotel/images-web/2021/08/19/53cabaec-7a60-442b-a7a3-9d2de6eee2d5-1629339321796-ee5745113f840fcd6fb4db05c551f8bb.jpg
Eat Sleep Skate Bali,"Denpasar Timur, Denpasar",,,https://s-light.tiket.photos/t/01E25EBZS3W0FY9GTG6C42E1SE/t_htl-dskt/tix-hotel/images-web/2021/08/26/9229c4e2-a486-4a59-851e-441e24a7342e-1629938692773-8db61231879fdea8bebb4d3e9bfb4272.jpg
"Large, quiet apartment with huge shared pool","Denpasar Selatan, Denpasar",,,https://s-light.tiket.photos/t/01E25EBZS3W0FY9GTG6C42E1SE/t_htl-dskt/tix-hotel/images-web/2021/09/28/e11b8355-2aa6-4d04-9a02-55ed5f06ae4a-1632781574508-0484a4f7faf41717c3eae5a43de08f61.jpg
"4 Br Villa IV Sayang Sanur , Only 6 minutes walk to beach","Denpasar Selatan, Denpasar",IDR 5.670.000,,https://s-light.tiket.photos/t/01E25EBZS3W0FY9GTG6C42E1SE/t_htl-dskt/tix-hotel/images-web/2021/08/19/b5458874-2da9-4d12-8524-b7d50e310477-1629339917010-9b0f5ebde835de97e28825c2d40bf377.jpg
Three Bedrrom Villa-Breakfast|TS,"Denpasar Timur, Denpasar",,,https://s-light.tiket.photos/t/01E25EBZS3W0FY9GTG6C42E1SE/t_htl-dskt/tix-hotel/images-web/2021/09/28/85603d9a-986d-4ed2-a1e9-b8ab008b217a-1632781731463-d0e47a7c0b7f5bb62b91fc95ab02d50f.jpg
Luxury Aliya Villas,"Denpasar Selatan, Denpasar",,,https://s-light.tiket.photos/t/01E25EBZS3W0FY9GTG6C42E1SE/t_htl-dskt/tix-hotel/images-web/2020/10/16/c0b13ad6-fbcd-451e-a2b1-5a2ec00357f7-1602812415694-174cd1075db696f8f72f859549e8354c.jpg
Sanur Lodge,"Denpasar Selatan, Denpasar",IDR 232.070,,https://s-light.tiket.photos/t/01E25EBZS3W0FY9GTG6C42E1SE/t_htl-dskt/tix-hotel/images-web/2020/10/12/ffd0dc08-2e7a-46ab-8b9d-f2d84b32d1ec-1602475527195-a665bf0a4546808c218dfbe99130bdad.jpg
Villa Nelly One Bedroom with Private Pool,"Denpasar Selatan, Denpasar",,,https://s-light.tiket.photos/t/01E25EBZS3W0FY9GTG6C42E1SE/t_htl-dskt/tix-hotel/images-web/2021/06/25/aff855c1-ba52-48e6-a50a-1954dada3a24-1624579819326-5bce4fe47f0a590a8182f45215c6efe7.jpg
Exis Tropical And Spa,"Denpasar Selatan, Denpasar",,,https://s-light.tiket.photos/t/01E25EBZS3W0FY9GTG6C42E1SE/t_htl-dskt/tix-hotel/images-web/2021/09/28/11085be7-cac5-4a0e-9731-5cb641413358-1632781639382-a6f79cc631cb6485fef551520d2c8ef4.jpg
Light and Bright Romantic one Bedroom with pool,"Denpasar Selatan, Denpasar",IDR 967.999,,https://s-light.tiket.photos/t/01E25EBZS3W0FY9GTG6C42E1SE/t_htl-dskt/tix-hotel/images-web/2021/09/28/19e2146d-b45e-4e6a-9c6f-451eb31dae39-1632771640477-67744e7141a6e2bd29e9bdea9aafb43b.jpg
"Large, secluded one bed apartment - walk to beach","Denpasar Selatan, Denpasar",,,https://s-light.tiket.photos/t/01E25EBZS3W0FY9GTG6C42E1SE/t_htl-dskt/tix-hotel/images-web/2021/09/28/6e350460-d136-433b-bcb9-8f1270ac7f92-1632781574570-48011f3548ae0dccd79242c649292ef2.jpg
berhenti hebat,"Denpasar Barat, Denpasar",,,https://s-light.tiket.photos/t/01E25EBZS3W0FY9GTG6C42E1SE/t_htl-dskt/tix-hotel/images-web/2021/09/28/65def99a-1da2-44b0-bb88-67430a34be6c-1632781494628-29041297a307da3f1a02a4b9fe2a2925.jpg
Accessible Villa G at Ellora,"Denpasar Selatan, Denpasar",,,https://s-light.tiket.photos/t/01E25EBZS3W0FY9GTG6C42E1SE/t_htl-dskt/tix-hotel/images-web/2021/06/27/ff71845e-cc11-4650-8f17-133e65f5ce0c-1624756246352-de0dc5d94d80cc83bfdf244f425766d6.jpg
Spa Suite-Breakfast#TS,"Denpasar Timur, Denpasar",,,https://s-light.tiket.photos/t/01E25EBZS3W0FY9GTG6C42E1SE/t_htl-dskt/tix-hotel/images-web/2021/09/28/e8459f63-4437-491a-b254-28a237e17384-1632781715200-d30003f1826c8aa83b4558b499ebc6f7.jpg
Bali Hyatt,"Denpasar Selatan, Denpasar",,,https://s-light.tiket.photos/t/01E25EBZS3W0FY9GTG6C42E1SE/t_htl-dskt/tix-hotel/images-web/2021/08/26/b6ddd8bd-75b4-43e7-946e-f8b17e1d169e-1629938447218-92219ab1a70881ebb694cace7230092b.jpg
Kori Bata Hotel,"Denpasar Barat, Denpasar",,,https://s-light.tiket.photos/t/01E25EBZS3W0FY9GTG6C42E1SE/t_htl-dskt/tix-hotel/images-web/2021/08/26/34fdc9cd-ec69-46bb-b083-dde604563afd-1629938639439-8a32263cb5c47dc64c834ca6bd8f4a15.jpg
Gelatik Bed And Breakfast Hostel,"Denpasar Selatan, Denpasar",,,https://s-light.tiket.photos/t/01E25EBZS3W0FY9GTG6C42E1SE/t_htl-dskt/tix-hotel/images-web/2021/08/26/c71c2ca2-dbfe-471c-a950-a390a570a272-1629938228413-57e46628a0caf571b636d33a7d4be224.jpg
"Stunning, Spacious Villa in Cental Sanur","Denpasar Selatan, Denpasar",,,https://s-light.tiket.photos/t/01E25EBZS3W0FY9GTG6C42E1SE/t_htl-dskt/tix-hotel/images-web/2021/09/28/10fbca81-9796-4e84-a322-d97b3845f019-1632781574101-c065dfc8c9aa5650309f70cab02e2e35.jpg
Kesari Luxury Villas ( jati ),"Denpasar Selatan, Denpasar",,,https://s-light.tiket.photos/t/01E25EBZS3W0FY9GTG6C42E1SE/t_htl-dskt/tix-hotel/images-web/2021/09/28/4540e0ec-9176-41de-8ae7-2af841c7cb0c-1632781612072-7ad3a449665963a139b29d7803d01efc.jpg
Casa Femita,"Denpasar Selatan, Denpasar",,,https://s-light.tiket.photos/t/01E25EBZS3W0FY9GTG6C42E1SE/t_htl-dskt/tix-hotel/images-web/2021/09/28/5c06d3e8-afe1-4037-80ce-49fa523e8dc5-1632781562022-c6f6b9a716c8b309c3c74e2d7cc56789.jpg
One BR Bungalow Lanai Room with Pool - Breakfast,"Denpasar Selatan, Denpasar",,,https://s-light.tiket.photos/t/01E25EBZS3W0FY9GTG6C42E1SE/t_htl-dskt/tix-hotel/images-web/2021/09/28/107330ec-3b07-408d-8fd6-91ef6971c9a9-1632781737470-a37cab8d7e9e91be51106685a8cec414.jpg
クタニア ヴィラ,"Pemecutan Kelod, Denpasar",,,https://s-light.tiket.photos/t/01E25EBZS3W0FY9GTG6C42E1SE/t_htl-dskt/tix-hotel/images-web/2021/09/28/de99cb0f-a69d-4bd2-94d6-199f045ad17d-1632781608711-c97b6197251ac79fe623cd6c70ec919c.jpg
Taman Ayu Townhouse,"Denpasar Selatan, Denpasar",,,https://s-light.tiket.photos/t/01E25EBZS3W0FY9GTG6C42E1SE/t_htl-dskt/tix-hotel/images-web/2021/08/18/744be02e-27e1-4dec-bbfa-c7c43b7f1aa7-1629303546361-13a1c113a40f4441f52e7a69694413ed.jpg
Gorgeous 3bedroom Villa-heart of beach-side Sanur ,"Denpasar Selatan, Denpasar",,,https://s-light.tiket.photos/t/01E25EBZS3W0FY9GTG6C42E1SE/t_htl-dskt/tix-hotel/images-web/2021/09/28/e957fbc4-1d61-4158-b9b5-a0ff1929286e-1632781582666-c3c6c9d1e1bb381d33f55acd1f6a4b29.jpg
Villa Frangi,"Denpasar Selatan, Denpasar",,,https://s-light.tiket.photos/t/01E25EBZS3W0FY9GTG6C42E1SE/t_htl-dskt/tix-hotel/images-web/2021/09/28/30c9db06-5181-4087-b8d3-0071f114b3ad-1632781585969-4281bc3215c741a7ef364f82ba8fead1.jpg
2 Bedroom Sayang Sanur Duplex,"Denpasar Selatan, Denpasar",IDR 648.000,,https://s-light.tiket.photos/t/01E25EBZS3W0FY9GTG6C42E1SE/t_htl-dskt/tix-hotel/images-web/2021/10/11/ce6129a2-cf7b-4a1d-b622-336ee5338553-1633947928493-44a1a2be11c7e2ba9b2f803708929967.jpg
Blanjong Home Stay,"Denpasar Selatan, Denpasar",,,https://s-light.tiket.photos/t/01E25EBZS3W0FY9GTG6C42E1SE/t_htl-dskt/tix-hotel/images-web/2021/08/19/892e092d-4f15-4900-8e7f-cda45328db1d-1629343020150-5f61c6f2ff3611143a298bc46f5d1ccc.jpg
"Villa Gaia, 2 Bedrooms Villa in Sanur Center","Denpasar Selatan, Denpasar",,,https://s-light.tiket.photos/t/01E25EBZS3W0FY9GTG6C42E1SE/t_htl-dskt/tix-hotel/images-web/2021/06/25/1ea39f31-00f0-45d3-a303-c90f69584e67-1624618229613-dd3cc33a125a0cbe3dcd79c9142fcc60.jpg
"3 Br Villa VII Sayang Sanur , Only 6 minutes walk to beach","Denpasar Selatan, Denpasar",,,https://s-light.tiket.photos/t/01E25EBZS3W0FY9GTG6C42E1SE/t_htl-dskt/tix-hotel/images-web/2021/08/19/5c2dc3f5-7bb4-4ac8-aa5f-604998a14bd4-1629339917942-faec0742210eb30d31840cee40f6c86e.jpg
Sukun Bali Cottages,"Denpasar Selatan, Denpasar",,,https://s-light.tiket.photos/t/01E25EBZS3W0FY9GTG6C42E1SE/t_htl-dskt/tix-hotel/images-web/2021/08/18/954b43e3-52c4-43fa-a942-7bab1e25c784-1629304850817-066c3fcbd409ecefc4b813d3168480c9.jpg
"SixteenBR Compact Living,Short Walk to Sanur Beach","Denpasar Selatan, Denpasar",,,https://s-light.tiket.photos/t/01E25EBZS3W0FY9GTG6C42E1SE/t_htl-dskt/tix-hotel/images-web/2021/10/01/cb0f8989-9a7f-46e7-8ec1-f38f08f7d03e-1633053658215-241b3202414c2967fa7ae269700e5053.jpg
Katang-katang Guest House,"Denpasar Timur, Denpasar",,,https://s-light.tiket.photos/t/01E25EBZS3W0FY9GTG6C42E1SE/t_htl-dskt/tix-hotel/images-web/2021/09/28/8507db67-1a58-4271-8e40-9601f56dae57-1632781694424-772e8fb2ed0dd876ae7f132770734588.jpg
Oemah Bone Renon,"Denpasar Timur, Denpasar",,,https://s-light.tiket.photos/t/01E25EBZS3W0FY9GTG6C42E1SE/t_htl-dskt/tix-hotel/images-web/2021/06/26/fe16cdc4-c594-47e7-8499-3759616186e5-1624722046111-1f358ae1cfdc336a59c157884d034438.jpg
Pulau Bali Hotel,"Denpasar Barat, Denpasar",IDR 253.000,,https://s-light.tiket.photos/t/01E25EBZS3W0FY9GTG6C42E1SE/t_htl-dskt/tix-hotel/images-web/2021/10/08/d4c76dc9-6abf-465b-8fb2-15fc0f3ab5e2-1633677915519-d45d941b2ef79a953328e539f77b8d33.jpg
Puri Dalem Hotel,"Denpasar Selatan, Denpasar",,,https://s-light.tiket.photos/t/01E25EBZS3W0FY9GTG6C42E1SE/t_htl-dskt/tix-hotel/images-web/2021/08/31/95e26252-df58-416f-9694-9964ccc9d060-1630382418293-c186022e68949fcced9506986645329e.jpg
Amerta Home Stay Bali,"Denpasar Selatan, Denpasar",,,
OneBR Ocean View Suite with a Bathtub - Breakfast,"Denpasar Timur, Denpasar",,,https://s-light.tiket.photos/t/01E25EBZS3W0FY9GTG6C42E1SE/t_htl-dskt/tix-hotel/images-web/2021/09/28/e9590426-deac-4d10-b048-638b4151bb6b-1632781725755-2d59fb6714651fcbdaa641fe883a9be5.jpg
3BR Kepiting Villa Sanur,"Denpasar Selatan, Denpasar",,,https://s-light.tiket.photos/t/01E25EBZS3W0FY9GTG6C42E1SE/t_htl-dskt/tix-hotel/images-web/2021/10/01/db82df07-c328-481f-8bf9-9c3f642176ba-1633058121929-69cded0ee3800b3bc61b83a1d948f925.jpg
OYO 90671 Petanu Residence,"Denpasar Selatan, Denpasar",IDR 134.973,,https://s-light.tiket.photos/t/01E25EBZS3W0FY9GTG6C42E1SE/t_htl-dskt/tix-hotel/images-web/2021/10/06/4cec4506-d9b3-4943-9a77-7d5bf7c41126-1633507520003-227097210c760818390ed80ef00dfacd.jpg
Deluxe Room-Breakfast|WRWK,"Kuta, Denpasar",,,https://s-light.tiket.photos/t/01E25EBZS3W0FY9GTG6C42E1SE/t_htl-dskt/tix-hotel/images-web/2021/06/26/9ce6b0b5-fe68-4f3e-9a0d-f7f9eda6111e-1624678903310-dec4b7c171c70b22f5ffcadfbbdab68e.jpg
AKAYA BALI,"Denpasar Selatan, Denpasar",,,
SPOT ON 90365 Rumah Kost Alor,"Denpasar Barat, Denpasar",,,
OYO 90456 Moh Yamin Residence,"Denpasar Selatan, Denpasar",,,
